Haleigh Vaughan,M,Luca Weaver,Skye Conley,Kennedi Torres,Gael Bradford,Andres Woodard
Savanah Downs,M,Jovany Bowers,Yasmine Graham,Maleah Pham,Andres Woodard,Kennedi Torres
Oliver Woods,M,Ezra Davis,Dayana Parks,Martin Cervantes,Damaris Holland,Donte Padilla
Roselyn Mathews,M,Keenan Santiago,Boston Rojas,Uriel Robertson,Leland Joseph,Manuel Gould
Lucille Lucero,M,Blaze Riddle,Clay Arroyo,Princess Stephenson,Thomas Frost,Quinton Trevino
Jovani Williams,M,Maverick Waters,Boston Rojas,Eileen Cooke,Manuel Nichols,Leanna Donovan
Teresa Bond,M,Yasmine Graham,Marshall Day,Aiyana Rich,Cristina Fowler,Mallory Pacheco
Shamar Wolfe,M,Ryleigh Holt,Gabriella Mayer,Jadyn Hurley,Manuel Nichols,Annika Rocha
Hazel Gould,M,Haleigh Vaughan,Grady Berg,Abigail Huffman,Lisa Baird,Thomas Frost
Lucy Mendez,M,Miracle Gates,Gabriella Mayer,Kaleigh Holt,Quinton Trevino,Delilah Bond
Blaze Riddle,M,Donte Padilla,Ezra Davis,Eden Burton,Tony Pena,Lucy Mendez
Leland Joseph,M,Coleman Sullivan,Eden Burton,Hailee Arellano,Kristina Moses,Marshall Day
Jeremy Morris,M,Roselyn Mathews,Salvador Bailey,Holden Campos,Hope Blevins,Princess Stephenson
Dayana Parks,M,Jadyn Hurley,Carlos Clayton,Deangelo Shelton,Asa Roach,Holden Campos
Maleah Pham,M,London Bowers,Moises Mueller,Jadyn Hurley,Marshall Day,Hope Blevins
Annalise Nichols,M,Coleman Villa,Killian Beasley,Jeremy Morris,Noah Fernandez,Paris Ford
Donte Padilla,M,Lillie Mcpherson,Ellen Burnett,Princess Stephenson,Boston Rojas,Salvador Bailey
Franco Landry,M,Carolina Spencer,Ciara Brock,Roy Kent,Hope Blevins,Salvador Bailey
Ryleigh Holt,M,Lucy Mendez,Dayana Parks,Martin Cervantes,Shamar Wolfe,Manuel Nichols
Delilah Bond,M,Spencer Gibbs,Ellen Burnett,Damarion Marsh,Quinton Trevino,Shamar Wolfe
Gabriella Mayer,M,Carlos Clayton,Jadyn French,Francisco Duffy,Killian Beasley,Hailee Arellano
Mckayla Stanton,M,Abigail Huffman,Julianna Blevins,Hassan Johnston,Hazel Gould,Hope Blevins
Holden Campos,M,Anna Wilson,Francisco Duffy,Noel Guerra,Clay Arroyo,Teresa Bond
Deangelo Shelton,M,Aiyana Rich,Hope Howe,Boston Rojas,Savanah Downs,Lucille Lucero
Salvador Bailey,M,Quinton Trevino,Valentino Zamora,Jakayla Simpson,Savanah Downs,Eileen Cooke
Jadyn Hurley,M,Kennedi Torres,Valentino Zamora,Eden Burton,Annalise Nichols,Tommy Norton
Moises Mueller,M,Noel Guerra,Tommy Norton,Hailee Arellano,Dayana Parks,Princess Stephenson
Yasmine Graham,M,Andres Woodard,Romeo Schwartz,Fletcher Orr,Wesley Soto,Gwendolyn Lewis
Boston Rojas,M,Maleah Pham,Kristina Moses,Tania Banks,Killian Beasley,Jeremy Morris
Quinton Trevino,M,Hope Blevins,Gwendolyn Lewis,Hazel Gould,Brynlee Evans,Lillie Mcpherson
Killian Beasley,M,Coby Watts,Lisa Baird,Charlie Miller,Camron Manning,Dayana Parks
Fletcher Orr,M,Rachel Knight,Boston Rojas,Augustus Hendrix,Delilah Bond,Noah Fernandez
London Bowers,M,Cristina Fowler,Dayami Case,Emilio Bell,Jeremy Morris,Thomas Frost
Charlie Miller,M,Noah Fernandez,Albert Potts,Eden Burton,Jane Carpenter,Jovani Williams
Asa Roach,M,Noah Fernandez,Albert Potts,Uriel Robertson,Leland Joseph,Deangelo Shelton
Julianna Blevins,M,Hassan Johnston,Demarcus Vazquez,Shamar Wolfe,Lisa Baird,Ciara Brock
Jane Carpenter,M,Victor Kerr,Damarion Marsh,Shamar Wolfe,Holden Campos,Dayami Case
Carlos Clayton,M,Julia Villanueva,Mallory Pacheco,Mckayla Stanton,Anna Wilson,Demarcus Vazquez
Abigail Huffman,M,Hope Howe,Shamar Wolfe,Demarcus Vazquez,Ryleigh Holt,Julianna Blevins
Sage Navarro,M,Alexandria Hicks,London Bowers,Tony Pena,Shamar Wolfe,Ryleigh Holt
Johnathan Galvan,M,Asa Roach,Delilah Bond,Gael Bradford,Jon Phillips,Julianna Blevins
Martin Cervantes,M,Moises Mueller,Julianna Blevins,Quinton Trevino,Deangelo Shelton,Kaleigh Holt
Coleman Sullivan,M,Francisco Duffy,Brenden Guerra,Deangelo Shelton,Franco Landry,Boston Rojas
Spencer Gibbs,M,Annika Rocha,Coleman Villa,Romeo Schwartz,Kaleigh Holt,Kenley George
Allison Walls,M,Emilio Bell,Paris Ford,Franco Landry,Libby Harrison,Damarion Marsh
Julia Villanueva,M,Dayami Case,Francisco Duffy,Jakayla Simpson,Kennedi Torres,Teresa Bond
Keenan Santiago,M,Kaleigh Holt,Ellen Burnett,Tommy Norton,Albert Potts,Hassan Johnston
Demarcus Vazquez,M,Damaris Holland,Sage Navarro,Moises Mueller,Jon Phillips,Eden Burton
Carolina Spencer,M,Lucille Lucero,Damarion Marsh,Marshall Day,Jadyn French,Tommy Norton
Marshall Day,M,Johnathan Galvan,Noah Fernandez,Gwendolyn Lewis,Mckayla Stanton,Roy Kent
Brynlee Evans,M,Gabriella Mayer,Lisa Baird,Uriel Robertson,Julia Villanueva,Emilio Bell
Thomas Frost,M,Grady Berg,Killian Beasley,Augustus Hendrix,Mallory Pacheco,Franco Landry
Kaleigh Holt,M,Damarion Marsh,Kenley George,Shamar Wolfe,Coleman Villa,London Bowers
Noel Guerra,M,Manuel Nichols,Roselyn Mathews,Mckayla Stanton,Manuel Gould,Kenley George
Autumn Woodward,M,Dayana Parks,Hanna Maxwell,Ciara Brock,Moises Mueller,Yasmine Graham
Andres Woodard,M,Sage Navarro,Andres Woodard,Savanah Downs,Franco Landry,Augustus Hendrix
Damaris Holland,M,Leland Joseph,Ellen Burnett,Paris Ford,Skye Conley,Libby Harrison
Coby Watts,F,Savanah Downs,Roy Kent,Martin Cervantes,Ellen Burnett,Hailee Arellano
Hailee Arellano,F,Annalise Nichols,Jeremy Morris,Princess Stephenson,Francisco Duffy,Marshall Day
Ellen Burnett,F,Holden Campos,Ellen Burnett,Francisco Duffy,Paris Ford,Luca Weaver
Uriel Robertson,F,Manuel Gould,Lillie Mcpherson,Mallory Pacheco,Libby Harrison,Francisco Duffy
Coleman Villa,F,Kenley George,Delilah Bond,Moises Mueller,Camron Manning,Miracle Gates
Gwendolyn Lewis,F,Demarcus Vazquez,Gabriella Mayer,Skye Conley,Leyla Becker,Princess Stephenson
Emilio Bell,F,Tania Banks,Dayami Case,Rachel Knight,Tommy Norton,Hope Howe
Victor Kerr,F,Brynlee Evans,Hanna Maxwell,Coby Watts,Delilah Bond,Brenden Guerra
Kenley George,F,Roy Kent,Lisa Baird,Boston Rojas,Jakayla Simpson,Killian Beasley
Hope Blevins,F,Franco Landry,Charlie Miller,Augustus Hendrix,Johnathan Galvan,Gwendolyn Lewis
Lisa Baird,F,Leyla Becker,Brenden Guerra,Dayana Parks,Albert Potts,Ciara Brock
Romeo Schwartz,F,Libby Harrison,Maleah Pham,Ciara Brock,Romeo Schwartz,Skye Conley
Princess Stephenson,F,Lisa Baird,Jakayla Simpson,Yasmine Graham,Salvador Bailey,Hanna Maxwell
Jovany Bowers,F,Eileen Cooke,Allison Walls,Paris Ford,Hassan Johnston,Haleigh Vaughan
Paris Ford,F,Marshall Day,Victor Kerr,Donte Padilla,Skye Conley,Haleigh Vaughan
Maverick Waters,F,Mallory Pacheco,Cristina Fowler,Dayana Parks,Coleman Sullivan,Jadyn French
Jakayla Simpson,F,Jane Carpenter,Luca Weaver,Damarion Marsh,Oliver Woods,Mckayla Stanton
Camron Manning,F,Jadyn French,Wesley Soto,Gwendolyn Lewis,Franco Landry,Romeo Schwartz
Tommy Norton,F,Ciara Brock,Princess Stephenson,Roselyn Mathews,Brynlee Evans,Carlos Clayton
Eileen Cooke,F,Princess Stephenson,Dayana Parks,Deangelo Shelton,Gwendolyn Lewis,Delilah Bond
Ciara Brock,F,Albert Potts,Hailee Arellano,Franco Landry,Paris Ford,Leland Joseph
Gael Bradford,F,Uriel Robertson,Salvador Bailey,Spencer Gibbs,Jane Carpenter,Brynlee Evans
Luca Weaver,F,Killian Beasley,Victor Kerr,Jeremy Morris,Spencer Gibbs,Salvador Bailey
Hanna Maxwell,F,Deangelo Shelton,Thomas Frost,Abigail Huffman,Maverick Waters,Ellen Burnett
Tyrese Lynn,F,Tommy Norton,Mallory Pacheco,Leland Joseph,Julia Villanueva,Allison Walls
Brenden Guerra,F,Romeo Schwartz,Roy Kent,Leanna Donovan,Charlie Miller,Hazel Gould
Libby Harrison,F,Augustus Hendrix,Keenan Santiago,Blaze Riddle,Lucy Mendez,Mckayla Stanton
Enrique Banks,F,Hazel Gould,Enrique Banks,Rachel Knight,Princess Stephenson,Mckayla Stanton
Lillie Mcpherson,F,Thomas Frost,Tony Pena,Romeo Schwartz,Enrique Banks,Boston Rojas
Kristina Moses,F,Jakayla Simpson,Sage Navarro,Carolina Spencer,Emilio Bell,Martin Cervantes
Annika Rocha,F,Kristina Moses,Damarion Marsh,Valentino Zamora,Haleigh Vaughan,Dayami Case
Jon Phillips,F,Skye Conley,Valentino Zamora,Quinton Trevino,Hassan Johnston,Mckayla Stanton
Aiyana Rich,F,Mckayla Stanton,Leland Joseph,Charlie Miller,Franco Landry,Roy Kent
Cristina Fowler,F,Salvador Bailey,Hanna Maxwell,Mckayla Stanton,Julianna Blevins,Roy Kent
Augustus Hendrix,F,Paris Ford,Hailee Arellano,Jeremy Morris,Wesley Soto,Hanna Maxwell
Valentino Zamora,F,Jeremy Morris,Skye Conley,Clay Arroyo,Demarcus Vazquez,Noah Fernandez
Francisco Duffy,F,Delilah Bond,Asa Roach,Romeo Schwartz,Noah Fernandez,Clay Arroyo
Manuel Gould,F,Tony Pena,Autumn Woodward,Clay Arroyo,Grady Berg,Brenden Guerra
Noah Fernandez,F,Oliver Woods,Kenley George,Manuel Nichols,Noah Fernandez,Brenden Guerra
Dayami Case,F,Martin Cervantes,Boston Rojas,Mallory Pacheco,Ryleigh Holt,Asa Roach
Clay Arroyo,F,Camron Manning,Deangelo Shelton,Jon Phillips,Jakayla Simpson,Anna Wilson
Manuel Nichols,F,Wesley Soto,Leyla Becker,Valentino Zamora,Hope Blevins,Boston Rojas
Anna Wilson,F,Leanna Donovan,Lisa Baird,Charlie Miller,Jovany Bowers,Hailee Arellano
Albert Potts,F,Ellen Burnett,Eden Burton,Mckayla Stanton,Gabriella Mayer,Holden Campos
Kennedi Torres,F,Gael Bradford,Gwendolyn Lewis,Autumn Woodward,Shamar Wolfe,Hailee Arellano
Grady Berg,F,Julianna Blevins,Miracle Gates,Quinton Trevino,Shamar Wolfe,Annika Rocha
Leanna Donovan,F,Hailee Arellano,Skye Conley,Boston Rojas,Hazel Gould,Jadyn French
Skye Conley,F,Boston Rojas,Annika Rocha,Jon Phillips,Tommy Norton,Jadyn French
Miracle Gates,F,Fletcher Orr,Allison Walls,Shamar Wolfe,Coby Watts,Demarcus Vazquez
Leyla Becker,F,Jovani Williams,Hope Howe,Kaleigh Holt,Brenden Guerra,Roy Kent
Hope Howe,F,Teresa Bond,Ellen Burnett,Enrique Banks,Victor Kerr,Ezra Davis
Roy Kent,F,Brenden Guerra,Yasmine Graham,Hazel Gould,Kaleigh Holt,Jadyn Hurley
Jadyn French,F,Allison Walls,Demarcus Vazquez,Valentino Zamora,Gabriella Mayer,Hassan Johnston
Eden Burton,F,Clay Arroyo,Yasmine Graham,Savanah Downs,Libby Harrison,Noel Guerra
Alexandria Hicks,F,Valentino Zamora,Miracle Gates,Rachel Knight,Ciara Brock,Clay Arroyo
Damarion Marsh,F,Hanna Maxwell,Deangelo Shelton,Lisa Baird,Valentino Zamora,Coleman Sullivan
Tony Pena,F,Gwendolyn Lewis,Gabriella Mayer,Tania Banks,Albert Potts,Paris Ford
Mallory Pacheco,F,Shamar Wolfe,Damarion Marsh,Francisco Duffy,Brenden Guerra,Hanna Maxwell
Wesley Soto,F,Jon Phillips,Hanna Maxwell,Kaleigh Holt,Charlie Miller,Francisco Duffy
Hassan Johnston,F,Charlie Miller,Sage Navarro,Kenley George,Princess Stephenson,Ciara Brock
Tania Banks,F,Enrique Banks,Noah Fernandez,Keenan Santiago,Savanah Downs,Jane Carpenter
Ezra Davis,F,Autumn Woodward,Demarcus Vazquez,Julianna Blevins,Gwendolyn Lewis,Shamar Wolfe
Rachel Knight,F,Tyrese Lynn,Gabriella Mayer,Carlos Clayton,Julianna Blevins,Gwendolyn Lewis
